,img,label
0,0-186.png,2
1,2-282.png,2
2,2-155.png,2
3,0-44.png,2
4,2-164.png,1
5,1-34.png,1
6,1-197.png,1
7,0-210.png,0
8,2-22.png,1
9,2-28.png,2
10,1-190.png,1
11,0-268.png,2
12,1-228.png,1
13,2-44.png,0
14,1-283.png,1
15,2-69.png,1
16,2-272.png,2
17,1-245.png,0
18,1-77.png,1
19,2-289.png,2
20,0-197.png,2
21,1-220.png,1
22,1-91.png,1
23,2-287.png,2
24,1-123.png,1
25,0-26.png,2
26,0-183.png,1
27,1-217.png,2
28,2-223.png,1
29,2-294.png,1
30,2-50.png,2
31,1-2.png,1
32,0-166.png,0
33,2-106.png,2
34,2-198.png,2
35,1-133.png,1
36,2-125.png,2
37,0-227.png,1
38,0-134.png,0
39,2-16.png,2
40,2-31.png,2
41,0-264.png,1
42,0-266.png,0
43,1-153.png,1
44,0-212.png,1
45,2-188.png,1
46,0-68.png,0
47,0-167.png,1
48,0-129.png,1
49,2-26.png,2
50,2-271.png,2
51,1-207.png,1
52,0-41.png,0
53,0-61.png,1
54,2-297.png,2
55,1-185.png,1
56,1-162.png,1
57,0-195.png,0
58,2-73.png,2
59,2-24.png,2
60,2-82.png,1
61,0-221.png,2
62,2-175.png,2
63,2-238.png,2
64,1-175.png,1
65,0-248.png,1
66,2-142.png,2
67,0-131.png,1
68,0-82.png,0
69,0-20.png,1
70,0-143.png,0
71,2-97.png,1
72,0-24.png,0
73,2-133.png,2
74,0-113.png,1
75,1-166.png,1
76,0-269.png,1
77,0-224.png,1
78,1-111.png,1
79,0-168.png,0
80,2-212.png,2
81,0-169.png,1
82,0-297.png,1
83,0-118.png,0
84,0-29.png,0
85,2-137.png,2
86,0-144.png,2
87,1-233.png,2
88,0-60.png,1
89,2-288.png,2
90,2-192.png,2
91,2-186.png,2
92,1-12.png,1
93,0-194.png,2
94,0-215.png,2
95,0-155.png,0
96,1-143.png,1
97,2-232.png,2
98,2-40.png,1
99,1-114.png,0
100,0-236.png,2
101,0-66.png,1
102,0-4.png,1
103,0-2.png,2
104,1-79.png,1
105,0-253.png,1
106,2-221.png,1
107,0-23.png,1
108,1-262.png,1
109,2-246.png,2
110,1-224.png,1
111,2-122.png,2
112,0-153.png,0
113,2-262.png,2
114,0-294.png,0
115,1-269.png,1
116,1-99.png,2
117,2-195.png,0
118,2-131.png,2
119,0-239.png,1
120,0-228.png,1
121,0-119.png,0
122,0-33.png,2
123,2-176.png,1
124,2-163.png,2
125,1-261.png,1
126,1-267.png,1
127,1-155.png,1
128,1-13.png,1
129,1-100.png,2
130,2-236.png,1
131,1-230.png,1
132,2-242.png,2
133,2-187.png,2
134,1-72.png,1
135,2-177.png,0
136,1-221.png,2
137,0-199.png,1
138,1-227.png,1
139,2-116.png,2
140,1-238.png,2
141,0-35.png,0
142,2-270.png,0
143,1-216.png,1
144,1-118.png,1
145,2-280.png,2
146,0-150.png,0
147,2-189.png,2
148,0-287.png,0
149,0-100.png,0
150,1-6.png,0
151,2-158.png,1
152,0-187.png,1
153,2-263.png,2
154,1-211.png,1
155,1-137.png,0
156,1-29.png,1
157,2-245.png,2
158,0-260.png,0
159,0-53.png,1
160,2-214.png,1
161,0-37.png,1
162,2-123.png,1
163,0-47.png,0
164,2-159.png,2
165,0-265.png,1
166,1-56.png,1
167,2-274.png,1
168,2-148.png,2
169,1-112.png,2
170,2-98.png,1
171,1-141.png,0
172,0-54.png,0
173,0-164.png,1
174,0-122.png,0
175,1-273.png,1
176,2-110.png,1
177,2-233.png,2
178,1-66.png,1
179,0-114.png,1
180,0-204.png,0
181,2-89.png,2
182,2-113.png,0
183,1-10.png,1
184,1-94.png,1
185,0-42.png,2
186,1-39.png,1
187,1-240.png,1
188,2-261.png,2
189,2-254.png,1
190,1-252.png,0
191,0-123.png,1
192,1-250.png,1
193,2-152.png,1
194,1-164.png,1
195,2-277.png,2
196,0-146.png,1
197,0-69.png,2
198,2-183.png,2
199,1-58.png,1
200,0-95.png,1
201,0-299.png,1
202,2-21.png,2
203,2-112.png,2
204,2-259.png,2
205,2-94.png,1
206,0-92.png,0
207,2-216.png,2
208,0-88.png,2
209,2-290.png,1
210,0-185.png,1
211,2-48.png,2
212,0-256.png,2
213,1-8.png,0
214,2-107.png,2
215,1-235.png,1
216,1-205.png,2
217,2-2.png,2
218,2-247.png,2
219,1-7.png,1
220,1-237.png,1
221,1-201.png,1
222,1-285.png,1
223,2-273.png,1
224,0-273.png,1
225,1-147.png,1
226,1-161.png,1
227,1-187.png,1
228,2-71.png,1
229,0-242.png,1
230,2-34.png,2
231,0-139.png,0
232,2-265.png,1
233,0-172.png,2
234,0-63.png,0
235,0-196.png,2
236,2-15.png,0
237,1-286.png,1
238,2-4.png,2
239,1-150.png,1
240,1-170.png,1
241,2-281.png,1
242,2-93.png,2
243,0-46.png,1
244,1-38.png,1
245,1-290.png,1
246,2-43.png,2
247,0-62.png,0
248,2-105.png,2
249,0-6.png,1
250,2-90.png,0
251,0-107.png,2
252,1-181.png,1
253,1-276.png,2
254,0-96.png,0
255,1-200.png,2
256,1-174.png,1
257,1-85.png,1
258,0-198.png,0
259,1-44.png,2
260,2-224.png,1
261,2-132.png,2
262,1-88.png,1
263,0-56.png,2
264,1-23.png,1
265,1-264.png,1
266,0-98.png,2
267,0-235.png,1
268,0-64.png,1
269,1-248.png,1
270,2-127.png,2
271,0-286.png,2
272,1-89.png,1
273,1-82.png,1
274,2-143.png,0
275,2-83.png,1
276,0-22.png,0
277,1-124.png,1
278,1-206.png,1
279,1-50.png,1
280,2-146.png,2
281,1-81.png,1
282,0-192.png,0
283,0-99.png,1
284,2-169.png,2
285,2-230.png,2
286,1-294.png,1
287,1-9.png,1
288,1-110.png,1
289,2-162.png,2
290,1-148.png,0
291,2-200.png,1
292,2-250.png,2
293,0-115.png,0
294,1-165.png,2
295,2-203.png,2
296,1-19.png,1
297,2-161.png,1
298,2-268.png,2
299,0-39.png,2
300,2-241.png,1
301,1-210.png,1
302,2-266.png,1
303,2-66.png,2
304,1-96.png,1
305,1-93.png,1
306,1-183.png,1
307,1-4.png,1
308,2-204.png,1
309,0-181.png,2
310,1-268.png,1
311,2-20.png,2
312,2-171.png,2
313,0-19.png,1
314,1-116.png,2
315,0-108.png,0
316,2-284.png,0
317,1-27.png,1
318,2-278.png,2
319,2-67.png,2
320,0-1.png,0
321,0-97.png,0
322,1-11.png,2
323,0-59.png,0
324,2-53.png,2
325,1-249.png,1
326,1-225.png,1
327,1-22.png,0
328,0-58.png,0
329,2-126.png,2
330,1-209.png,1
331,0-45.png,1
332,0-290.png,1
333,2-61.png,2
334,1-246.png,1
335,0-296.png,1
336,2-6.png,1
337,1-117.png,1
338,1-105.png,2
339,1-193.png,1
340,0-282.png,2
341,2-264.png,1
342,2-160.png,2
343,2-293.png,1
344,0-12.png,1
345,2-209.png,2
346,1-35.png,1
347,2-185.png,0
348,0-21.png,0
349,1-3.png,1
350,1-51.png,1
351,2-249.png,1
352,1-67.png,2
353,2-194.png,2
354,0-18.png,0
355,1-208.png,1
356,1-48.png,1
357,0-71.png,0
358,2-191.png,2
359,2-226.png,0
360,2-87.png,1
361,2-10.png,2
362,0-275.png,2
363,0-3.png,1
364,0-188.png,2
365,2-96.png,2
366,2-299.png,2
367,0-238.png,1
368,0-145.png,1
369,0-177.png,2
370,2-11.png,2
371,2-95.png,2
372,2-78.png,2
373,1-37.png,1
374,1-243.png,1
375,2-153.png,0
376,0-90.png,1
377,2-109.png,2
378,0-207.png,1
379,2-227.png,1
380,0-121.png,0
381,0-30.png,2
382,2-173.png,2
383,1-244.png,0
384,1-163.png,1
385,0-156.png,1
386,0-165.png,2
387,1-239.png,1
388,2-124.png,2
389,0-175.png,2
390,1-203.png,1
391,0-219.png,1
392,1-128.png,1
393,0-13.png,2
394,0-112.png,1
395,2-213.png,2
396,2-117.png,1
397,0-157.png,0
398,0-136.png,0
399,2-136.png,2
400,1-279.png,0
401,0-193.png,1
402,0-38.png,0
403,1-136.png,1
404,2-154.png,2
405,1-61.png,2
406,0-70.png,2
407,1-152.png,1
408,1-182.png,1
409,0-237.png,1
410,0-163.png,0
411,1-158.png,1
412,1-43.png,1
413,0-174.png,0
414,1-146.png,1
415,0-213.png,1
416,2-141.png,0
417,0-160.png,1
418,0-277.png,2
419,2-182.png,2
420,0-138.png,1
421,1-62.png,1
422,0-246.png,2
423,1-287.png,0
424,0-201.png,2
425,2-58.png,1
426,2-37.png,2
427,0-231.png,1
428,0-243.png,0
429,2-207.png,2
430,2-260.png,1
431,2-208.png,1
432,1-189.png,1
433,1-192.png,2
434,1-281.png,1
435,1-167.png,0
436,2-174.png,2
437,2-51.png,0
438,1-64.png,1
439,2-81.png,2
440,1-186.png,2
441,0-229.png,0
442,2-79.png,1
443,2-144.png,0
444,2-237.png,1
445,2-184.png,2
446,0-245.png,1
447,2-243.png,0
448,1-145.png,1
449,1-125.png,1
450,0-206.png,1
451,1-45.png,2
452,0-284.png,0
453,1-265.png,1
454,1-97.png,2
455,1-172.png,1
456,2-251.png,2
457,0-85.png,0
458,2-178.png,2
459,0-84.png,1
460,0-16.png,0
461,2-197.png,2
462,0-50.png,1
463,2-257.png,0
464,0-161.png,1
465,2-150.png,1
466,2-30.png,2
467,1-258.png,1
468,0-154.png,2
469,2-104.png,2
470,2-68.png,2
471,0-57.png,1
472,0-11.png,2
473,0-205.png,0
474,2-5.png,1
475,1-42.png,1
476,2-252.png,1
477,1-298.png,0
478,2-108.png,1
479,1-75.png,1
480,2-41.png,1
481,1-282.png,1
482,1-36.png,2
483,1-234.png,1
484,1-24.png,1
485,0-218.png,2
486,1-98.png,1
487,0-184.png,2
488,2-80.png,2
489,0-240.png,1
490,2-114.png,2
491,2-7.png,1
492,0-279.png,0
493,0-49.png,1
494,1-47.png,1
495,1-103.png,1
496,0-259.png,0
497,2-172.png,0
498,2-42.png,2
499,2-190.png,2
500,2-59.png,2
501,2-32.png,2
502,1-90.png,2
503,1-69.png,1
504,2-36.png,1
505,1-168.png,1
506,1-26.png,1
507,0-104.png,0
508,1-31.png,2
509,1-251.png,1
510,2-99.png,1
511,0-36.png,1
512,0-91.png,0
513,2-267.png,1
514,2-77.png,2
515,1-55.png,1
516,1-159.png,1
517,0-135.png,2
518,2-210.png,0
519,1-194.png,1
520,2-84.png,1
521,1-84.png,1
522,0-255.png,0
523,0-140.png,0
524,1-134.png,2
525,1-20.png,2
526,2-75.png,2
527,1-218.png,1
528,2-228.png,2
529,1-129.png,1
530,2-253.png,1
531,0-274.png,1
532,1-288.png,1
533,1-154.png,1
534,2-286.png,1
535,0-87.png,0
536,0-48.png,1
537,1-195.png,1
538,0-147.png,0
539,2-147.png,2
540,2-46.png,2
541,1-253.png,1
542,0-137.png,2
543,1-156.png,1
544,2-215.png,1
545,0-261.png,0
546,2-63.png,2
547,2-196.png,0
548,2-103.png,2
549,0-272.png,0
550,2-38.png,2
551,0-276.png,0
552,1-213.png,1
553,2-298.png,2
554,2-74.png,2
555,1-289.png,2
556,1-280.png,2
557,0-250.png,0
558,1-101.png,1
559,0-15.png,2
560,2-170.png,2
561,2-76.png,2
562,1-241.png,0
563,0-270.png,0
564,2-86.png,2
565,1-132.png,1
566,0-173.png,1
567,0-289.png,1
568,0-78.png,0
569,0-34.png,1
570,2-111.png,0
571,0-93.png,1
572,1-57.png,1
573,1-119.png,2
574,1-126.png,1
575,1-131.png,1
576,1-295.png,1
577,1-127.png,1
578,1-1.png,1
579,0-222.png,1
580,2-139.png,2
581,0-291.png,2
582,0-182.png,1
583,0-25.png,2
584,2-23.png,2
585,1-184.png,0
586,2-149.png,2
587,2-118.png,2
588,0-101.png,0
589,2-57.png,1
590,1-109.png,1
591,1-63.png,1
592,0-258.png,0
593,0-17.png,1
594,0-102.png,2
595,0-52.png,2
596,1-274.png,1
597,0-278.png,2
598,2-239.png,1
599,1-229.png,1
600,2-202.png,2
601,0-263.png,1
602,0-203.png,1
603,1-54.png,1
604,0-249.png,1
605,0-230.png,1
606,1-198.png,1
607,1-222.png,1
608,1-14.png,1
609,1-5.png,1
610,1-78.png,1
611,1-173.png,1
612,1-76.png,1
613,1-214.png,1
614,1-71.png,1
615,2-220.png,2
616,0-27.png,1
617,1-41.png,1
618,0-89.png,0
619,2-39.png,2
620,2-140.png,1
621,2-256.png,0
622,2-12.png,2
623,1-196.png,1
624,0-233.png,0
625,1-291.png,0
626,0-292.png,2
627,2-134.png,2
628,0-220.png,2
629,1-270.png,1
630,0-225.png,1
631,1-49.png,1
632,0-262.png,1
633,1-219.png,0
634,1-191.png,1
635,1-179.png,2
636,0-178.png,0
637,1-142.png,1
638,2-130.png,1
639,1-121.png,1
640,1-223.png,1
641,1-177.png,1
642,2-211.png,1
643,2-181.png,2
644,1-52.png,1
645,0-105.png,0
646,0-9.png,1
647,0-211.png,2
648,0-267.png,0
649,0-126.png,0
650,2-205.png,2
651,1-272.png,1
652,0-241.png,0
653,2-269.png,2
654,2-65.png,1
655,1-232.png,2
656,0-86.png,1
657,1-180.png,1
658,0-234.png,2
659,0-232.png,1
660,0-67.png,1
661,2-91.png,1
662,0-55.png,1
663,1-275.png,1
664,1-138.png,2
665,0-159.png,1
666,2-258.png,2
667,2-88.png,2
668,0-283.png,1
669,2-92.png,2
670,2-121.png,2
671,2-231.png,1
672,1-144.png,1
673,1-296.png,1
674,1-80.png,1
675,1-247.png,1
676,1-178.png,1
677,1-242.png,1
678,0-247.png,1
679,0-158.png,1
680,2-45.png,1
681,0-120.png,1
682,1-231.png,1
683,1-139.png,1
684,2-64.png,2
685,1-212.png,1
686,2-193.png,0
687,0-171.png,1
688,1-73.png,1
689,1-46.png,1
690,1-70.png,2
691,1-263.png,2
692,0-5.png,1
693,1-16.png,2
694,2-285.png,0
695,1-259.png,1
696,2-248.png,1
697,1-74.png,1
698,1-169.png,2
699,1-226.png,0
700,2-240.png,0
701,2-56.png,2
702,2-225.png,1
703,0-28.png,1
704,0-79.png,2
705,0-226.png,0
706,2-235.png,1
707,0-51.png,2
708,1-202.png,1
709,1-149.png,1
710,0-293.png,2
711,2-283.png,2
712,2-229.png,1
713,0-295.png,0
714,0-106.png,1
715,0-217.png,0
716,2-165.png,0
717,1-120.png,1
718,2-167.png,2
719,0-251.png,2
720,2-138.png,2
721,1-254.png,1
722,1-256.png,1
723,0-32.png,1
724,1-176.png,0
725,0-72.png,0
726,0-76.png,0
727,0-132.png,1
728,0-73.png,1
729,0-200.png,0
730,0-149.png,0
731,1-160.png,1
732,0-124.png,0
733,1-18.png,1
734,0-208.png,1
735,2-217.png,2
736,0-74.png,0
737,1-53.png,1
738,2-296.png,1
739,1-257.png,1
740,0-209.png,2
741,0-288.png,0
742,0-148.png,0
743,0-40.png,0
744,1-297.png,1
745,1-60.png,1
746,0-191.png,0
747,0-141.png,1
748,2-17.png,2
749,2-115.png,2
750,2-128.png,1
751,0-116.png,1
752,1-30.png,1
753,0-223.png,0
754,1-32.png,2
755,0-142.png,0
756,2-85.png,2
757,2-295.png,2
758,0-151.png,1
759,0-65.png,0
760,2-100.png,2
761,0-281.png,1
762,1-140.png,2
763,1-293.png,1
764,2-179.png,2
765,0-83.png,0
766,0-77.png,1
767,1-65.png,0
768,2-3.png,2
769,1-135.png,1
770,0-125.png,1
771,2-156.png,2
772,1-17.png,1
773,2-27.png,2
774,2-145.png,1
775,2-222.png,2
776,1-277.png,1
777,1-130.png,1
778,2-35.png,2
779,0-0.png,1
780,2-219.png,2
781,2-275.png,2
782,2-199.png,2
783,1-271.png,1
784,0-280.png,1
785,2-151.png,2
786,0-80.png,1
787,0-271.png,2
788,1-108.png,1
789,1-33.png,1
790,2-166.png,2
791,0-176.png,2
792,1-59.png,1
793,1-151.png,1
794,2-47.png,2
795,0-127.png,0
796,0-252.png,0
797,2-276.png,2
798,2-291.png,2
799,0-133.png,1
800,0-285.png,2
801,0-170.png,0
802,0-103.png,2
803,0-216.png,0
804,0-180.png,1
805,1-86.png,1
806,1-28.png,1
807,1-278.png,1
808,2-13.png,2
809,2-292.png,2
810,1-87.png,1
811,1-83.png,1
812,0-257.png,1
813,0-75.png,1
814,1-204.png,1
815,2-49.png,2
816,0-179.png,2
817,0-244.png,1
818,2-62.png,2
819,1-171.png,1
820,0-189.png,0
821,2-1.png,2
822,0-117.png,1
823,0-130.png,0
824,2-218.png,2
825,0-254.png,1
826,1-113.png,1
827,0-128.png,0
828,1-15.png,1
829,1-25.png,1
830,2-129.png,1
831,1-107.png,1
832,1-104.png,1
833,0-81.png,1
834,1-21.png,1
835,0-110.png,0
836,0-7.png,1
837,0-109.png,0
838,2-33.png,2
839,1-199.png,1
840,2-25.png,1
841,0-94.png,0
842,1-236.png,1
843,1-115.png,1
844,2-52.png,2
845,2-206.png,1
846,2-135.png,2
847,1-92.png,1
848,1-122.png,1
849,2-0.png,2
850,1-157.png,1
851,0-190.png,1
852,2-157.png,1
853,0-152.png,1
854,2-18.png,2
855,2-29.png,0
856,0-43.png,0
857,1-68.png,1
858,2-14.png,1
859,2-102.png,2
860,2-19.png,1
861,2-201.png,1
862,2-54.png,2
863,0-111.png,0
864,1-299.png,1
865,0-10.png,1
866,1-215.png,1
867,2-55.png,2
868,0-14.png,0
869,2-168.png,2
870,2-60.png,2
871,2-119.png,2
872,1-95.png,1
873,1-188.png,1
874,1-260.png,2
875,2-72.png,2
876,0-202.png,2
877,2-180.png,2
878,2-70.png,1
879,2-8.png,2
880,0-162.png,1
881,1-40.png,1
882,2-255.png,1
883,2-120.png,2
884,0-31.png,1
885,1-255.png,2
886,1-102.png,1
887,1-284.png,1
888,2-9.png,2
889,0-214.png,2
890,2-279.png,1
891,0-298.png,0
892,2-244.png,0
893,2-101.png,2
894,1-292.png,0
895,1-0.png,1
896,2-234.png,2
897,1-106.png,1
898,0-8.png,2
899,1-266.png,1
900,0-467.png,0
901,0-458.png,1
902,2-346.png,2
903,2-494.png,2
904,0-399.png,2
905,0-429.png,1
906,1-499.png,1
907,1-406.png,1
908,0-330.png,1
909,2-347.png,0
910,1-321.png,1
911,2-353.png,2
912,0-383.png,1
913,2-473.png,1
914,2-474.png,1
915,2-448.png,0
916,2-489.png,2
917,1-444.png,1
918,2-421.png,2
919,2-369.png,2
920,1-448.png,2
921,0-359.png,0
922,0-308.png,0
923,2-454.png,0
924,2-355.png,0
925,2-487.png,1
926,1-312.png,1
927,1-486.png,1
928,1-347.png,1
929,0-447.png,1
930,2-413.png,1
931,2-381.png,2
932,0-323.png,1
933,0-415.png,2
934,1-323.png,1
935,0-483.png,1
936,0-454.png,2
937,0-300.png,1
938,2-319.png,2
939,0-328.png,1
940,2-303.png,1
941,1-349.png,1
942,0-480.png,2
943,0-358.png,1
944,2-342.png,2
945,2-302.png,2
946,0-390.png,0
947,2-398.png,2
948,2-365.png,2
949,2-307.png,2
950,0-472.png,1
951,1-319.png,1
952,0-368.png,1
953,1-305.png,1
954,0-362.png,2
955,0-471.png,0
956,1-402.png,1
957,0-423.png,1
958,1-489.png,1
959,0-377.png,0
960,1-475.png,2
961,1-350.png,1
962,1-464.png,1
963,0-466.png,2
964,0-470.png,1
965,1-322.png,1
966,2-496.png,1
967,2-335.png,2
968,1-346.png,1
969,0-389.png,2
970,2-478.png,1
971,0-445.png,1
972,0-307.png,2
973,0-419.png,1
974,1-371.png,1
975,1-485.png,1
976,1-348.png,2
977,0-489.png,0
978,0-498.png,0
979,1-393.png,1
980,1-359.png,1
981,0-369.png,0
982,0-414.png,1
983,1-447.png,1
984,1-494.png,1
985,2-341.png,2
986,2-305.png,2
987,0-327.png,0
988,2-480.png,2
989,0-464.png,1
990,0-407.png,1
991,2-383.png,2
992,0-432.png,0
993,0-342.png,0
994,2-479.png,2
995,1-480.png,1
996,1-344.png,1
997,1-492.png,1
998,0-487.png,2
999,0-450.png,1
1000,2-439.png,1
1001,2-396.png,2
1002,2-368.png,0
1003,2-498.png,1
1004,0-422.png,1
1005,1-384.png,1
1006,1-496.png,1
1007,0-371.png,1
1008,2-415.png,2
1009,0-461.png,2
1010,2-466.png,1
1011,0-431.png,0
1012,2-354.png,1
1013,1-410.png,1
1014,2-482.png,1
1015,0-314.png,2
1016,0-322.png,1
1017,0-456.png,1
1018,1-354.png,1
1019,1-430.png,1
1020,0-346.png,1
1021,1-335.png,1
1022,1-440.png,1
1023,2-486.png,2
1024,0-364.png,1
1025,0-386.png,1
1026,1-377.png,1
1027,2-407.png,2
1028,0-333.png,2
1029,0-350.png,1
1030,0-347.png,0
1031,1-403.png,1
1032,1-387.png,2
1033,1-483.png,1
1034,2-412.png,2
1035,0-491.png,1
1036,2-367.png,1
1037,0-433.png,1
1038,0-394.png,1
1039,1-481.png,1
1040,2-377.png,1
1041,2-437.png,2
1042,2-351.png,2
1043,0-349.png,1
1044,2-484.png,0
1045,1-367.png,1
1046,2-390.png,2
1047,2-431.png,2
1048,1-467.png,1
1049,1-391.png,1
1050,0-440.png,0
1051,1-426.png,1
1052,2-397.png,1
1053,1-383.png,1
1054,1-370.png,1
1055,1-353.png,1
1056,1-405.png,1
1057,1-477.png,1
1058,1-472.png,1
1059,1-438.png,1
1060,2-457.png,1
1061,1-428.png,1
1062,2-476.png,1
1063,2-331.png,2
1064,1-361.png,1
1065,2-447.png,1
1066,0-340.png,0
1067,0-476.png,0
1068,0-337.png,1
1069,1-463.png,1
1070,2-325.png,2
1071,1-460.png,1
1072,1-356.png,1
1073,1-423.png,1
1074,0-393.png,2
1075,0-334.png,1
1076,0-444.png,1
1077,2-485.png,2
1078,2-316.png,2
1079,0-436.png,1
1080,1-459.png,1
1081,1-314.png,1
1082,2-375.png,1
1083,0-372.png,2
1084,1-355.png,1
1085,0-355.png,1
1086,0-424.png,1
1087,1-398.png,1
1088,0-316.png,1
1089,1-413.png,2
1090,1-336.png,1
1091,1-479.png,1
1092,0-452.png,0
1093,0-443.png,1
1094,1-307.png,1
1095,1-446.png,1
1096,1-490.png,1
1097,1-338.png,1
1098,1-388.png,1
1099,2-338.png,2
1100,1-394.png,2
1101,0-474.png,1
1102,0-315.png,0
1103,1-420.png,1
1104,2-468.png,1
1105,1-434.png,1
1106,2-364.png,2
1107,2-483.png,2
1108,1-422.png,1
1109,2-384.png,2
1110,2-458.png,2
1111,1-468.png,1
1112,1-415.png,1
1113,1-461.png,1
1114,1-369.png,1
1115,0-321.png,1
1116,2-443.png,1
1117,0-457.png,1
1118,2-451.png,1
1119,0-428.png,1
1120,0-329.png,1
1121,0-446.png,1
1122,2-492.png,2
1123,2-359.png,2
1124,2-314.png,2
1125,2-389.png,2
1126,1-470.png,2
1127,2-436.png,2
1128,2-432.png,0
1129,0-398.png,1
1130,2-349.png,1
1131,2-326.png,2
1132,2-336.png,2
1133,0-497.png,0
1134,2-340.png,2
1135,1-351.png,1
1136,2-327.png,2
1137,0-439.png,1
1138,2-424.png,1
1139,0-354.png,0
1140,2-403.png,2
1141,2-428.png,2
1142,2-345.png,2
1143,2-433.png,0
1144,1-337.png,1
1145,1-439.png,1
1146,1-433.png,1
1147,2-385.png,2
1148,1-484.png,1
1149,1-425.png,1
1150,2-371.png,1
1151,0-495.png,0
1152,0-309.png,1
1153,0-396.png,1
1154,0-430.png,0
1155,1-390.png,1
1156,2-308.png,2
1157,2-404.png,2
1158,0-388.png,0
1159,1-421.png,1
1160,0-375.png,0
1161,0-373.png,2
1162,2-408.png,2
1163,1-497.png,0
1164,0-348.png,0
1165,1-300.png,1
1166,1-357.png,1
1167,1-437.png,1
1168,0-442.png,1
1169,2-313.png,1
1170,2-321.png,1
1171,2-467.png,2
1172,1-331.png,0
1173,1-309.png,1
1174,1-374.png,1
1175,0-412.png,1
1176,2-453.png,2
1177,2-312.png,1
1178,1-466.png,1
1179,0-335.png,2
1180,2-444.png,0
1181,1-416.png,1
1182,0-319.png,2
1183,0-401.png,1
1184,2-497.png,2
1185,1-372.png,1
1186,0-435.png,0
1187,1-334.png,1
1188,0-356.png,0
1189,1-454.png,1
1190,1-396.png,1
1191,1-474.png,1
1192,2-373.png,2
1193,2-427.png,2
1194,1-498.png,1
1195,0-437.png,2
1196,0-416.png,1
1197,1-311.png,1
1198,2-387.png,2
1199,0-360.png,0
1200,0-395.png,0
1201,1-449.png,1
1202,0-303.png,0
1203,2-499.png,2
1204,2-311.png,1
1205,2-323.png,2
1206,0-482.png,1
1207,1-414.png,2
1208,0-438.png,0
1209,2-491.png,2
1210,1-376.png,1
1211,0-343.png,1
1212,1-342.png,1
1213,0-411.png,2
1214,0-382.png,0
1215,2-306.png,2
1216,2-435.png,1
1217,0-418.png,1
1218,1-301.png,1
1219,0-493.png,1
1220,1-473.png,1
1221,2-395.png,1
1222,2-343.png,0
1223,2-348.png,2
1224,2-446.png,2
1225,2-429.png,1
1226,0-361.png,1
1227,0-352.png,1
1228,2-442.png,2
1229,0-392.png,0
1230,1-364.png,1
1231,2-441.png,1
1232,1-457.png,0
1233,1-441.png,2
1234,1-495.png,0
1235,1-330.png,1
1236,1-427.png,1
1237,0-455.png,1
1238,2-379.png,2
1239,2-488.png,1
1240,0-400.png,2
1241,0-304.png,0
1242,2-374.png,1
1243,1-345.png,1
1244,0-385.png,1
1245,2-456.png,2
1246,0-405.png,0
1247,1-389.png,1
1248,1-303.png,1
1249,2-361.png,2
1250,0-363.png,1
1251,2-344.png,2
1252,2-490.png,2
1253,0-374.png,1
1254,2-409.png,2
1255,1-324.png,1
1256,0-486.png,1
1257,2-317.png,0
1258,2-465.png,2
1259,2-471.png,2
1260,0-420.png,2
1261,1-395.png,1
1262,1-368.png,1
1263,1-365.png,1
1264,0-494.png,0
1265,1-453.png,1
1266,2-382.png,2
1267,1-392.png,1
1268,1-341.png,2
1269,1-455.png,1
1270,2-330.png,1
1271,1-400.png,1
1272,0-326.png,1
1273,0-459.png,0
1274,1-386.png,0
1275,2-324.png,1
1276,1-451.png,1
1277,0-366.png,1
1278,1-327.png,1
1279,2-420.png,2
1280,2-425.png,2
1281,0-336.png,0
1282,2-463.png,1
1283,0-341.png,2
1284,1-456.png,1
1285,2-440.png,2
1286,1-381.png,1
1287,1-382.png,1
1288,0-391.png,1
1289,2-401.png,2
1290,2-477.png,2
1291,2-445.png,2
1292,1-385.png,1
1293,1-487.png,1
1294,0-465.png,1
1295,1-380.png,1
1296,2-416.png,2
1297,1-328.png,1
1298,1-358.png,1
1299,1-409.png,1
1300,0-417.png,2
1301,1-450.png,1
1302,0-302.png,2
1303,2-339.png,1
1304,0-404.png,2
1305,2-450.png,2
1306,0-324.png,2
1307,0-357.png,2
1308,1-465.png,1
1309,2-400.png,2
1310,2-418.png,2
1311,1-318.png,2
1312,2-388.png,1
1313,1-317.png,1
1314,2-459.png,2
1315,0-344.png,0
1316,0-338.png,2
1317,2-337.png,0
1318,0-434.png,0
1319,2-410.png,2
1320,2-315.png,2
1321,2-399.png,1
1322,0-413.png,2
1323,1-469.png,1
1324,2-380.png,2
1325,2-438.png,1
1326,2-394.png,0
1327,1-445.png,1
1328,2-358.png,2
1329,2-495.png,0
1330,1-306.png,2
1331,0-317.png,2
1332,0-353.png,2
1333,0-351.png,1
1334,1-417.png,1
1335,2-475.png,2
1336,1-308.png,1
1337,0-306.png,1
1338,0-370.png,1
1339,2-309.png,2
1340,0-410.png,1
1341,1-493.png,1
1342,0-490.png,1
1343,0-331.png,2
1344,0-449.png,1
1345,2-372.png,1
1346,2-370.png,2
1347,0-460.png,0
1348,0-473.png,2
1349,0-318.png,2
1350,1-435.png,1
1351,1-362.png,1
1352,1-401.png,0
1353,1-333.png,0
1354,1-373.png,2
1355,2-411.png,1
1356,1-419.png,1
1357,2-426.png,1
1358,2-452.png,2
1359,1-431.png,1
1360,0-312.png,2
1361,2-460.png,1
1362,0-376.png,1
1363,1-404.png,1
1364,2-464.png,2
1365,1-375.png,2
1366,2-417.png,2
1367,0-488.png,1
1368,2-461.png,1
1369,2-422.png,0
1370,0-305.png,1
1371,1-378.png,1
1372,0-339.png,1
1373,1-412.png,1
1374,0-492.png,1
1375,0-345.png,2
1376,2-469.png,2
1377,2-310.png,2
1378,1-320.png,0
1379,0-477.png,1
1380,0-313.png,2
1381,0-496.png,1
1382,0-332.png,0
1383,1-397.png,1
1384,2-423.png,2
1385,1-329.png,1
1386,1-418.png,1
1387,2-472.png,1
1388,2-334.png,0
1389,1-399.png,1
1390,2-386.png,2
1391,1-478.png,1
1392,1-363.png,1
1393,2-481.png,1
1394,2-318.png,1
1395,0-441.png,2
1396,0-397.png,1
1397,0-325.png,1
1398,1-315.png,1
1399,0-448.png,0
1400,1-316.png,1
1401,0-499.png,2
1402,0-384.png,1
1403,2-392.png,2
1404,2-300.png,1
1405,1-476.png,1
1406,0-427.png,0
1407,1-326.png,1
1408,1-340.png,1
1409,2-376.png,1
1410,2-405.png,2
1411,2-363.png,2
1412,0-365.png,1
1413,2-406.png,2
1414,2-414.png,2
1415,1-458.png,1
1416,0-453.png,2
1417,0-402.png,1
1418,1-366.png,1
1419,0-387.png,1
1420,2-304.png,2
1421,2-360.png,1
1422,0-421.png,1
1423,1-360.png,1
1424,2-357.png,2
1425,1-443.png,1
1426,2-434.png,2
1427,0-475.png,1
1428,1-471.png,1
1429,1-343.png,1
1430,0-481.png,2
1431,2-493.png,2
1432,1-442.png,1
1433,1-379.png,2
1434,2-470.png,1
1435,0-484.png,1
1436,0-462.png,0
1437,2-378.png,0
1438,2-322.png,2
1439,0-463.png,1
1440,1-429.png,1
1441,2-301.png,2
1442,2-320.png,1
1443,2-393.png,2
1444,0-408.png,2
1445,2-352.png,2
1446,0-380.png,2
1447,2-419.png,2
1448,0-426.png,1
1449,1-436.png,2
1450,1-302.png,2
1451,0-451.png,1
1452,1-452.png,1
1453,1-408.png,1
1454,2-329.png,2
1455,0-367.png,1
1456,0-378.png,1
1457,0-381.png,0
1458,0-468.png,2
1459,2-391.png,1
1460,2-332.png,1
1461,0-425.png,0
1462,1-339.png,1
1463,2-430.png,1
1464,0-469.png,2
1465,0-479.png,1
1466,1-352.png,1
1467,1-325.png,1
1468,0-478.png,1
1469,1-488.png,0
1470,0-301.png,0
1471,1-407.png,2
1472,1-313.png,1
1473,2-328.png,1
1474,0-320.png,2
1475,1-332.png,1
1476,2-402.png,0
1477,2-362.png,2
1478,2-350.png,2
1479,0-310.png,1
1480,0-311.png,1
1481,1-310.png,1
1482,2-333.png,1
1483,1-411.png,1
1484,2-449.png,2
1485,2-462.png,2
1486,1-304.png,0
1487,0-406.png,1
1488,1-432.png,2
1489,1-482.png,1
1490,1-462.png,1
1491,2-366.png,2
1492,0-379.png,1
1493,0-403.png,1
1494,0-409.png,2
1495,0-485.png,2
1496,1-424.png,1
1497,2-455.png,1
1498,1-491.png,1
1499,2-356.png,0
